date,description,amount,label
15 Oct,Alinta Sales Pty Ltd NetBank 0400032246,-50.0,utilities
23 Oct,VIRGIN MONEY NetBank BPAY 4724373501635385,-1000.0,loan
23 Oct,Transfer to xx6832 NetBank,-70.0,transfer
23 Oct,Direct Debit 180247 SGIO MOT563142623171021,-56.42,insurance
26 Oct,Direct Debit 165969 JETTS 201724473788,-27.9,recurring_payment
01 Nov,Account Fee,-4.0,fees
01 Nov,Direct Credit 421520 JESSICA JL - Internet,40.0,income
01 Nov,Transfer from xx8727 CommBank,-122.25,transfer
01 Nov,Direct Debit 000702 HBF - 1439123504,1000.0,insurance
05 Nov,Transfer to other Bank NetBank Oronsay,-700.0,transfer
07 Nov,TELSTRA CORP LTD NetBank 2000353972134,-115.0,utilities
09 Nov,Direct Debit 165969 JETTS 201725516901,-27.9,recurring_payment
21 Nov,Direct Debit 180247 SGIO MOT563142623171121,-56.42,insurance
22 Nov,Direct Debit 068093 SYNERGY 257300733078,-190.7,utilities
23 Nov,Direct Debit 165969 JETTS 201726554790,-27.9,recurring_payment
01 Dec,Account Fee,-4.0,fees
01 Dec,Direct Credit 421520 JESSICA JL - Internet,40.0,income
01 Dec,Transfer from xx8727 NetBank,1000.0,transfer
01 Dec,Transfer to xx6832 NetBank,-70.0,transfer
01 Dec,Direct Debit 000702 HBF - 1439123504,-122.25,insurance
05 Dec,Transfer to other Bank NetBank Oronsay,-700.0,transfer
06 Dec,TAX OFFICE PAYMENTS NetBank 551004045508468221 ATO tax,-850.75,tax
06 Dec,Transfer from xx8727 NetBank,700.0,transfer
07 Dec,TELSTRA CORP LTD NetBank 2000353972134,-115.0,utilities
07 Dec,Direct Debit 165969 JETTS 201727539277,-27.9,recurring_payment
21 Dec,Direct Debit 180247 SGIO MOT563142623171221,-56.42,insurance
21 Dec,Direct Debit 165969 JETTS 201728541361,-27.9,recurring_payment
27 Dec,Direct Credit 106600 CAMERON Ool party thanks x,20.0,income
01 Jan,Account Fee,-4.0,fees
02 Jan,Direct Credit 421520 JESSICA JL - Internet,40.0,income
02 Jan,Direct Debit 000702 HBF - 1439123504,-122.25,insurance
04 Jan,Transfer from xx8727 CommBank,800.0,transfer
04 Jan,Transfer to xx6832 CommBank,-70.0,transfer
04 Jan,Direct Debit 165969 JETTS 2018270979,-27.9,recurring_payment
05 Jan,Transfer to other Bank NetBank Oronsay,-700.0,transfer
07 Jan,TELSTRA CORP LTD NetBank 2000353972134,-115.0,utilities
2018-04-01,IMPS-MOB/Fund Trf/809119519742/OmaRam/BENE - VER,1.0,transfer
2018-04-01,IMPS-MOB/Fund Trf/809119553510/OmaRam/2000,2000.0,transfer
2018-04-03,NACH/TP ACH Bajaj Finanac/88551679,-1912.0,loan
2018-04-04,APB-INW/HP644950 000009 3003,170.2,income
2018-04-04,POS-VISA/KARUN MEDICAL/809414290216,-75.0,healthcare
2018-04-05,IMPS-MOB/Fund Trf/809521437177/NITIN POOJARI/null,3200.0,transfer
2018-04-10,BILLPAY/RECH/VODAFONE PRE/181000095662/10042018,-509.0,utilities
2018-04-10,ATM-NFS/CASH WITHDRAWAL/+DONGRI OATM/810020011497,-2000.0,withdrawal
2018-04-14,ATM-NFS/CASH WITHDRAWAL/+HIRANANDANI AKRUTI/810418,-500.0,withdrawal
2018-04-20,IMPS-RIB/Fund Trf/811010759849/PayRs300,-300.0,transfer
2018-04-20,IMPS-RIB/FT-REV/811010759849/Pay Rs300,300.0,transfer
2018-04-20,POS-VISA/MANSI MEDICAL/811013502615,-75.0,healthcare
2018-04-22,IMPS-MOB/Fund Trf/811212400262/Chandrakant Yuv/BE,1.0,transfer
2018-04-22,IMPS-MOB/Fund Trf/811212428216/Chandrakant Yuv/ch,4999.0,transfer
2018-04-22,IMPS-RIB/Fund Trf/811212820665/Paysalary,-1000.0,employee_salary
2018-04-22,IMPS-RIB/Fund Trf/811213820961/Payfor salary,-500.0,employee_salary
2018-04-23,ATM-NFS/CASH WITHDRAWAL/+HIRANANDANI AKRUTI/811309,-1000.0,withdrawal
2018-04-23,IMPS-RIB/Fund Trf/811320861437/PaysalaryRs2500,-2500.0,employee_salary
2018-04-23,IMPS-RIB/Fund Trf/811321862644/Pay300,-300.0,transfer
2018-05-03,IMPS-INET/Fund Trf/812321002185/Chandrakant Yuv/I,2000.0,transfer
2018-05-05,NACH/TP ACH Bajaj Finanac/97127969,-1912.0,loan
2018-05-09,ATM-NFS/CASH WITHDRAWAL/+WHITE HOUSE/812912009989,-100.0,withdrawal
2018-05-09,IMPS-MOB/Fund Trf/812917902484/SACHIN PANDURAN/Fr,200.0,transfer
2018-05-11,IMPS-RIB/Fund Trf/813114420579/Paysalary,-200.0,employee_salary
2018-05-11,IMPS-RIB/FT-REV/813114420579/Pay salary,200.0,transfer
2018-05-11,IMPS-RIB/Fund Trf/813117426391/Payfor arjant,-200.0,transfer
2018-05-11,IMPS-RIB/FT-REV/813117426391/Pay for arjant,200.0,transfer
2018-05-12,BILLPAY/RECH/IDEA PREPAID/181320083270/12052018,-27.0,utilities
2018-05-16,ATM-NFS/CASH WITHDRAWAL/+SandhurstRoad/8136190082,-100.0,withdrawal
2018-05-17,APB-INW/HP644950 012055 1405,134.06,income
2018-05-17,IMPS-MOB/Fund Trf/813700005886/RID-24 SP/9090,6000.0,transfer
2018-05-18,IMPS-MOB/Fund Trf/813800005916/RID-24 SP/0098,1200.0,transfer
2018-05-18,ATM-NFS/CASH WITHDRAWAL/+WADIBUNDER/813810005906,-500.0,withdrawal
2018-05-20,ATM-NFS/CASH WITHDRAWAL/+HIRANANDANI AKRUTI/814016,-500.0,withdrawal
2018-05-20,POS-VISA/KARUN MEDICAL/814016444557,-75.0,healthcare
2018-05-21,ATM-NFS/CASH WITHDRAWAL/+HIRANANDANI AKRUTI/814110,-1000.0,withdrawal
2018-05-21,POS-VISA/FLIPKART PAYMENTS/814109451953,-569.0,shopping
2018-05-21,ATM-NFS/CASH WITHDRAWAL/+GOVANDI EAST BR/814117029,-3000.0,withdrawal
2018-05-21,POS-VISA/HOTEL SAROJ/814118881722,-300.0,dining
2018-05-23,BILLPAY/RECH/VODAFONE PRE/181430064620/23052018,-100.0,utilities
2018-05-23,BILLPAY/RECH/TATASKY DTH/181430065842/23052018,-1000.0,utilities
2018-06-01,POS-VISA/Upper Crust Foods Pvt THANE/815214619098,-261.0,dining
2018-06-01,IMPS-MOB/Fund Trf/815200006812/RID-24 SP/Payment,2000.0,transfer
2018-06-02,NACH/TP ACH Bajaj Finanac/101294174,-1912.0,loan
2018-06-06,Charge:Cash Wdl at other ATM/Inv2705181513668571/2,-20.0,fees
2018-06-06,CGST on Charge:Cash Wdl at other ATM/Inv2705181513,-1.8,fees
2018-06-06,SGST on Charge:Cash Wdl at other ATM/Inv2705181513,-1.8,fees
2018-06-19,APB-INW/HP644950 018603 1106,180.19,income
2018-06-30,CREDIT INTEREST CRED,9.0,income
2019-09-04,LNK COOPERATIVE SW CD 4821 08DEC19 (CPT),-300.0,transfer
2019-09-09,P ADAMCZUK KASA 7420 (TFR),50.0,transfer
2019-09-11,BARCLAYCARD CD 7420 (DEB),-2.5,fees
2019-09-15,WESTERN VILLA CD 7420 (DEB),-681.06,dining
2019-09-16,WINELEAF CD 7420 (DEB),-26.69,dining
2019-09-17,LNK COOPERATIVE SW CD 7420 06DEC19 (CPT),-200.0,transfer
2019-09-18,LV LIFE 03592291015W (DD),-33.03,insurance
2019-09-22,PARK FOOD AND WINE CD 7420 (DEB),-30.46,groceries
2019-09-22,LNK COOPERATIVE SW CD 7420 05DEC19 (CPT),-20.0,transfer
2019-09-25,LNK COOPERATIVE SW CD 7420 03DEC19 (CPT),-200.0,transfer
2019-09-26,UBER *TRIP LJSAM (DEB),-17.43,transport
2019-09-29,D ROBERTSON (DEB),-960.0,rent
2019-10-03,19 WINELEAF CD 7420 (DEB),-17.0,dining
2019-10-05,19 KATE EYR G D LTD KEGD (FPI),790.0,income
2019-10-08,LNK COOPERATIVE SW CD 7420 01DEC19 (CPT),-100.0,transfer
2019-10-12,LNK PO MITCHAM LAN CD 7420 30NOV19 (CPT),-10.0,transfer
2019-10-12,19 MIS BAR MLECZNY CD 7420 (DEB),-28.9,dining
2019-10-16,19 SPORTSDIRECT 252 CD 7420 (DEB),-27.99,shopping
2019-10-19,19 KATE EYR G D LTD KEGD (FPI),860.0,income
2019-10-22,19 LOYD STREATHAM HIG (CSH),730.0,income
2019-10-23,A FARAFOSZYN (TFR),100.0,transfer
2019-10-23,19 WINELEAF CD 7420 (DEB),-10.5,dining
2019-10-24,19 LNK PO MITCHAM LAN CD 7420 11SEP15 (CPT),-150.0,transfer
2019-10-27,19 MCDONALDS CD7420 (DEB),-25.79,dining
2019-10-30,19 SUPER CHOICE CD 7420 (DEB),-76.6,groceries
2019-11-05,19 TESCO STORES 6765 CD 7420 (DEB),-42.6,groceries
2019-11-06,19 CROY CTRL 773001 (DEB),-200.12,tax
2019-11-07,19 VODAFONE LTD 7014378191-1001 (DD),-50.0,utilities
2019-11-11,19 LOYD ROYDON CENTR CD 7420 (CPT),-200.0,transfer
2019-11-13,19 NIKE FACTORY STORE CD 7420 (DEB),-250.0,shopping
2019-11-13,19 LOYD STREATHAM HIG (CSH),340.0,income
2019-11-17,19 KINGS TUN CD 7420 (DEB),-56.6,dining
2019-11-18,19 LNK COOPERATIVE SW CD 7420 17NOV19 (CPT),-170.0,transfer
2019-11-19,19 WESTERN VILLA CD7420 (DEB),-185.6,dining
2019-11-19,19 P ADAMCZUK KASA (TFR),210.0,transfer
2019-11-22,19 BEDFORD TAVERN CD 7420 (DEB),-198.0,dining
2019-11-23,MCDONALDS DC 7420 (DEB),-16.34,dining
2019-11-26,19 KATE EYR G D LTD KEGD (FPI),960.0,income
2019-11-27,LNK WEST NORWOOD 1 CD 7420 27NOV19 (CPT),-70.0,transfer
2019-11-28,19 DELIGHT CD 7420 (DEB),-133.45,dining
2019-11-29,19 Amazon UK Marketpl CD 7420 (DEB),-262.0,shopping
Oct 2,Electronic Deposit From 36 TREAS 310 N00 MISC PAY,7265.0,income
Oct 3,Electronic Deposit From 36 TREAS 310 N00 MISC PAY,6400.0,income
Oct 4,Electronic Deposit From CGS ADMINISTATOR Y00 HCCLAIMPMT267605,11911.98,income
Oct 11,Electronic Deposit From CGS ADMINISTATOR Y00 HCCLAIMPMT267605,4972.84,income
Oct 12,Electronic Deposit From 36 TREAS 310 N00 MISC PAY,4510.0,income
Oct 12,Electronic Deposit From CGS ADMINISTATOR Y00 HCCLAIMPMT267605,5597.43,income
Oct 16,Electronic Deposit From 36 TREAS 310 N00 MISC PAY,2641.08,income
Oct 17,Electronic Deposit From CGS ADMINISTATOR Y00 HCCLAIMPMT267605,3036.78,income
Oct 20,Electronic Deposit From 36 TREAS 310 N00 MISC PAY,760.0,income
Oct 20,Electronic Deposit From CGS ADMINISTATOR Y00 HCCLAIMPMT267605,11414.48,income
Oct 23,Electronic Deposit From 36 TREAS 310 N00 MISC PAY,3150.0,income
Oct 24,Electronic Deposit From CGS ADMINISTATOR Y00 HCCLAIMPMT267605,305.71,income
Oct 24,Electronic Deposit From 36 TREAS 310 N00 MISC PAY,660.0,income
Oct 25,Electronic Deposit From CGS ADMINISTATOR Y00 HCCLAIMPMT267605,11572.01,income
Oct 27,Electronic Deposit From 36 TREAS 310 N00 MISC PAY,360.0,income
Oct 27,Electronic Deposit From CGS ADMINISTATOR Y00 HCCLAIMPMT267605,5819.54,income
Oct 31,Electronic Deposit From CGS ADMINISTATOR Y00 HCCLAIMPMT267605,7307.26,income
Oct 2,Debit Purchase - VISA On 092917 MISSION KS PANERA BREAD #20,-7.0,dining
Oct 2,Debit Purchase - VISA On 092917 MISSION KS CHICK-FIL-A #029,-7.02,dining
Oct 4,Debit Purchase - VISA On 100317 WWW.SOS.MO.G MO SEC OF STATE,-51.25,fees
Oct 6,Debit Purchase - VISA On 100517 800-5563012 KS FREDPRYOR CAREER,-149.0,education
Oct 10,Debit Purchase - VISA On 100617 816-7638200 MO THE PLUMBING PRO,-372.0,home_maintenance
Oct 6,Electronic Withdrawal To BlueKc Com Stlmt N00 WEB PYMNT,-195.34,insurance
Oct 6,Customer Withdrawal,-500.0,withdrawal
Oct 12,Branch Account Transfer To Account,-8000.0,transfer
Oct 12,Branch Account Transfer To Account,-12000.0,transfer
Oct 16,Electronic Withdrawal From PHILA INS CO N00 INS IN,-5.0,insurance
Oct 16,Analysis Service Charge,-24.95,fees
Oct 16,Electronic Withdrawal From PHILA INS CO N00 INS IN,-7514.68,insurance
Oct 25,Electronic Withdrawal From ATT N00 Payment,-308.48,utilities
Oct 25,Branch Account Transfer To Account,-7700.0,transfer
Oct 25,Branch Account Transfer To Account,-10776.0,transfer
2024-01-15,IMPS-MOB/Fund Trf/901234567/SalaryJan24,45000.0,income
2024-01-15,POS-VISA/APOLLO PHARMACY/901412345678,-235.5,healthcare
2024-01-15,UBER *TRIP HK892 (DEB),-322.45,transport
2024-01-16,ATM-NFS/CASH WITHDRAWAL/+CITY CENTRE/901516,-20000.0,withdrawal
2024-01-16,NACH/TP ACH Home Loan/78901234,-24500.0,loan
2024-01-16,BILLPAY/RECH/AIRTEL POSTPAID/901516789,-899.0,utilities
2024-01-17,POS-VISA/DECATHLON SPORTS/901615999,-3450.0,shopping
2024-01-17,UPI/MOB/901723456/PhonePe/CafeExpresso,-280.0,dining
2024-01-18,DD/HDFC LIFE INS/LIC45678901,-2345.0,insurance
2024-01-18,Electronic Deposit From TREAS 310 MISC PAY,5500.0,income
2024-01-19,NEFT/RENT/JAN24/SHARMA PROP,-35000.0,rent
2024-01-19,POS-VISA/AMAZON.IN/901912345,-2199.0,shopping
2024-01-20,Direct Credit 421520 BONUS Q4 - Internet,25000.0,income
2024-01-20,BILLPAY/RECH/TATASKY DTH/902012345,-549.0,utilities
2024-01-21,POS-VISA/SWIGGY ORDER/902112345,-750.0,dining
2024-01-22,ACH/Health Insurance Premium/91234567,-4500.0,insurance
2024-01-22,IMPS-RIB/Fund Trf/902212345/Emergency fund,-5000.0,transfer
2024-01-23,POS-VISA/MEDICAL STORE/902312345,-890.0,healthcare
2024-01-23,NACH/TP ACH Car Loan/89012345,-12500.0,loan
2024-01-24,Electronic Deposit From CGS ADMINISTATOR HCCLAIMPMT,8750.0,income
2024-01-24,BILLPAY/QUICK/Water Board/902412345,-750.0,utilities
2024-01-25,19 TESCO STORES 6765 CD 7420 (DEB),-4560.0,groceries
2024-01-25,WINELEAF CD 7420 (DEB),-890.0,dining
2024-01-26,LV LIFE 03592291015W (DD),-2300.0,insurance
2024-01-26,UBER *TRIP KL123 (DEB),-450.0,transport
2024-01-27,NEFT/CMS944723497/SALARY/TECH CO,65000.0,income
2024-01-27,POS-VISA/IKEA HOME/902712345,-12500.0,large_purchase
2024-01-28,Direct Debit 165969 FITNESS ONE 201724473788,-2999.0,recurring_payment
2024-01-28,UPI/MOB/902823456/PhonePe/LocalStore,-340.0,groceries
2024-01-29,IMPS-MOB/Fund Trf/902912345/RentTransfer,-40000.0,rent
2024-01-29,POS-VISA/NETFLIX.COM/902912345,-649.0,recurring_payment
2024-01-30,ATM-NFS/CASH WITHDRAWAL/+MALL ROAD/903012,-15000.0,withdrawal
2024-01-30,NACH/TP ACH Education Loan/67890123,-18500.0,loan
2024-02-01,Electronic Deposit From 36 TREAS 310 N00,4500.0,income
2024-02-01,BILLPAY/RECH/JIO FIBER/903112345,-999.0,utilities
2024-02-02,POS-VISA/ZOMATO ORDER/100212345,-890.0,dining
2024-02-02,19 SUPER CHOICE CD 7420 (DEB),-2340.0,groceries
2024-02-03,Direct Credit 421520 CONSULTANT FEE,35000.0,income
2024-02-03,POS-VISA/H&M STORE/100312345,-3450.0,shopping
2024-02-04,IMPS-RIB/Fund Trf/100412345/SavingsAcc,-10000.0,transfer
2024-02-04,DD/MAX LIFE INS/LIC56789012,-3450.0,insurance
2024-02-05,Electronic Withdrawal From ATT Payment,-1299.0,utilities
2024-02-05,POS-VISA/PHARMACY ONE/100512345,-780.0,healthcare
2024-02-06,NACH/TP ACH Personal Loan/56789012,-15500.0,loan
2024-02-06,UPI/MOB/100623456/PhonePe/Groceries,-3450.0,groceries
2024-02-07,Direct Credit 421520 PROJECT PAYMENT,75000.0,income
2024-02-07,POS-VISA/AMAZON PRIME/100712345,-1499.0,recurring_payment
2024-02-08,IMPS-MOB/Fund Trf/100812345/EmergencyFund,-25000.0,transfer
2024-02-08,NACH/TP ACH Insurance/45678901,-5500.0,insurance
2024-02-09,ATM-NFS/CASH WITHDRAWAL/+CENTRAL/100912,-5000.0,withdrawal
2024-02-09,POS-VISA/DOMINOS/100912345,-750.0,dining
2024-02-10,Electronic Deposit From CGS ADMINISTATOR Y00,12500.0,income
2024-02-10,BILLPAY/RECH/ELECTRICITY/101012345,-3450.0,utilities
2024-02-11,Direct Debit 165969 GYM MONTHLY 201724473788,-1999.0,recurring_payment
2024-02-11,POS-VISA/MEDPLUS/101112345,-890.0,healthcare
2024-02-12,NEFT/RENT/FEB24/SHARMA PROP,-35000.0,rent
2024-02-12,UPI/MOB/101223456/PhonePe/Restaurant,-1200.0,dining
2024-02-13,Electronic Withdrawal To Insurance Premium,-4500.0,insurance
2024-02-13,POS-VISA/FLIPKART/101312345,-4500.0,shopping
2024-02-14,Direct Credit 421520 SALARY FEB,55000.0,income
2024-02-14,BILLPAY/RECH/VODAFONE/101412345,-799.0,utilities
2024-02-15,IMPS-RIB/Fund Trf/101512345/InvestmentAcc,-20000.0,transfer
2024-02-15,POS-VISA/APOLLO MED/101512345,-1200.0,healthcare
2024-02-16,NACH/TP ACH Home Loan EMI/34567890,-24500.0,loan
2024-02-16,UPI/MOB/101623456/PhonePe/LocalMart,-2800.0,groceries
2024-02-17,Electronic Deposit From TREAS 310 MISC PAY,6500.0,income
2024-02-17,POS-VISA/NIKE STORE/101712345,-4500.0,shopping
2024-02-18,IMPS-MOB/Fund Trf/101812345/EmergencyTrf,-15000.0,transfer
2024-02-18,Direct Debit 165969 SPOTIFY 201724473788,-199.0,recurring_payment
2024-02-19,ATM-NFS/CASH WITHDRAWAL/+SOUTH EXT/101912,-10000.0,withdrawal
2024-02-19,POS-VISA/RESTAURANT HUT/101912345,-2300.0,dining
2024-02-20,Electronic Deposit From CGS ADMINISTATOR Y00,9500.0,income
2024-02-20,BILLPAY/RECH/GAS BILL/102012345,-850.0,utilities
2025-01-01,,-350.0,to_review
2025-01-02,,500.0,to_review
2025-01-03,NETFLIX monthly sub,-15.99,recurring_payment
2025-01-03,SPOTIFY monthly sub,-9.99,recurring_payment
2025-01-04,MCDonald's #5456 dine in,-12.0,dining
2025-01-05,Planet Fitness membership,-20.0,recurring_payment
2025-01-06,Amazon new laptop bag,-40.0,shopping
Oct 19,Utility payment for electricity,50.0,utilities
Oct 16,Philadelphia Insurance Co,3777.34,recurring_payment
Oct 11,Aptiva Therapy,2500.0,recurring_payment
Oct 31,Bethlehem Home Healthcare,6000.0,unusual_insurance

